time,action,grid_id,level,price,lots,reason,pnl_points,pnl_ntd,fees,equity
2026-09-29 13:50,GRID_ON,1,47763,,,格距230點，買47533/47303，停損47073,,,,160000
2026-09-29 13:50,EVAL,,,47763,,"開網#1：基準47,763，格距230點｜買 47,533(賣47,763)、47,303(賣47,533)｜整體停損47,073（最壞約6,900元）",,,,160000
2026-09-30 13:55,GRID_OFF,1,,,,收盤無持倉，重新評估,,,,160000
2026-09-30 13:55,GRID_ON,2,48336,,,格距230點，買48106/47876，停損47646,,,,160000
2026-09-30 13:55,EVAL,,,48336,,"開網#2：基準48,336，格距230點｜買 48,106(賣48,336)、47,876(賣48,106)｜整體停損47,646（最壞約6,900元）",,,,160000
2026-10-01 13:46,GRID_OFF,2,,,,收盤無持倉，重新評估,,,,160000
2026-10-01 13:46,GRID_ON,3,48694,,,格距220點，買48474/48254，停損48034,,,,160000
2026-10-01 13:46,EVAL,,,48694,,"開網#3：基準48,694，格距220點｜買 48,474(賣48,694)、48,254(賣48,474)｜整體停損48,034（最壞約6,600元）",,,,160000
2026-10-01 15:26,BUY,3,48474,48474,1,網格買單，目標48694,,,30,159970
2026-10-01 23:17,BUY,3,48254,48254,1,網格買單，目標48474,,,30,159941
2026-10-02 09:00,SELL,3,48254,48548,1,網格停利,+294,+2881,59,162851
